{"schemaVersion":"1.0","appDefinitionTemplate":{"id":"/providers/Microsoft.PowerApps/apps/","type":"Microsoft.PowerApps/apps","tags":{"primaryDeviceWidth":"640","primaryDeviceHeight":"1136","supportsPortrait":"true","supportsLandscape":"true","primaryFormFactor":"Phone","showStatusBar":"false","publisherVersion":"3.24122.12","minimumRequiredApiVersion":"2.2.0","hasComponent":"true","hasUnlockedComponent":"true","isUnifiedRootApp":"false","sienaVersion":"20241223T173838Z-3.24122.12.0"},"properties":{"appVersion":"2024-12-23T17:38:38Z","lifeCycleId":"Published","createdByClientVersion":{"major":3,"minor":24122,"build":12,"revision":0,"majorRevision":0,"minorRevision":0},"minClientVersion":{"major":3,"minor":24122,"build":12,"revision":0,"majorRevision":0,"minorRevision":0},"backgroundColor":"RGBA(0,176,240,1)","backgroundImageUri":"/13693635289047795771/N4d58846b-489b-428b-8310-45cee3da89be-logoSmallFile","displayName":"Foodify","description":"","commitMessage":"","appUris":{"documentUri":{"value":"/13693635289047795771/N26d1f2c7-3aae-4c64-a800-6e5a1d0da908-document.msapp"},"imageUris":[],"additionalUris":[{"isSolutionAware":false,"value":"/13693635289047795771/N00019b8a-702b-4676-b739-a7447b534f2e-identity.json"}]},"createdTime":"0001-01-01T00:00:00Z","lastModifiedTime":"0001-01-01T00:00:00Z","sharedGroupsCount":0,"sharedUsersCount":0,"connectionReferences":{"5c52e302-2fec-4f2f-acda-5d9caa7aec29":{"id":"bca83363-39c0-4412-be05-400024c8777b","displayName":"Office 365 Users","iconUri":"https://connectoricons-prod.azureedge.net/releases/v1.0.1717/1.0.1717.3929/office365users/icon.png","dataSources":["Office365Users"],"dependencies":[],"dependents":[],"parameterHints":{},"parameterHintsV2":{},"isOnPremiseConnection":false,"bypassConsent":false,"dataSets":{},"apiTier":"Standard","isCustomApiConnection":false},"e3b2c0a6-f8f3-4578-9b40-159be88ae1d4":{"id":"b7d33641-2c86-47e2-885b-be4339b51960","displayName":"SharePoint","iconUri":"https://connectoricons-prod.azureedge.net/releases/v1.0.1723/1.0.1723.3984/sharepointonline/icon.png","dataSources":["Book1","Restaurant","CartItems","CartItems_1","Orders","Orders_1"],"dependencies":[],"dependents":[],"parameterHints":{},"parameterHintsV2":{},"isOnPremiseConnection":false,"bypassConsent":false,"dataSets":{"https://iubedubd-my.sharepoint.com/personal/2420946_iub_edu_bd":{"dataSources":{"Book1":{"tableName":"957b42f4-9068-4617-a3fd-e88c19b1ae72"},"Restaurant":{"tableName":"900af2fb-3a74-4c31-b688-01609a9791c5"},"CartItems":{"tableName":"07ec39b4-6ab8-42ea-b07b-1300106cefc7"},"CartItems_1":{"tableName":"07ec39b4-6ab8-42ea-b07b-1300106cefc7"},"Orders":{"tableName":"8169b17b-8ecb-45e5-8944-f988160c5652"},"Orders_1":{"tableName":"8169b17b-8ecb-45e5-8944-f988160c5652"}}}},"apiTier":"Standard","isCustomApiConnection":false,"actions":["providers/PowerPlatform.Governance/Operations/Read","providers/PowerPlatform.Governance/Operations/Write","providers/PowerPlatform.Governance/Operations/Delete"]},"9bb01a9f-85b5-405a-abf0-f28e31bb31cf":{"id":"58ace72c-23f7-47fd-9a23-30ae0213cd2d","displayName":"Office 365 Outlook","iconUri":"https://connectoricons-prod.azureedge.net/releases/v1.0.1722/1.0.1722.3975/office365/icon.png","dataSources":["Office365Outlook"],"dependencies":[],"dependents":[],"parameterHints":{},"parameterHintsV2":{},"isOnPremiseConnection":false,"bypassConsent":false,"dataSets":{},"apiTier":"Standard","isCustomApiConnection":false}},"databaseReferences":{},"almMode":"Environment","performanceOptimizationEnabled":false,"canConsumeAppPass":false,"enableModernRuntimeMode":false,"executionRestrictions":{"isTeamsOnly":false,"dataLossPreventionEvaluationResult":{"status":"Compliant","lastEvaluationDate":"2024-12-14T20:14:47.4353867Z","violations":[],"violationsByPolicy":[],"violationErrorMessage":"The app uses the following connectors: ."}}},"appType":"ClassicCanvasApp","appComponents":[]}}